municipio,quarter,fecha,total_pixeles_median,suma_rad_trend_sum,suma_rad_trend_mean,suma_rad_trend_std,suma_rad_trend_median,media_rad_trend_mean,std_rad_trend_mean,max_rad_trend_max,min_rad_trend_min,p25_rad_trend_mean,mediana_rad_trend_mean,p75_rad_trend_mean,entidad_federativa,porc_pob,pibe,pib_mun
oaxaca de juarez,2012Q1,2012-03-31,159.0,2887180.217900676,43092.242058219046,21.88014109709595,43093.05630494373,271.0203903032642,128.0981316025637,762.6750334426116,62.26623829712372,198.6737654509141,246.73667784799457,311.49944766382885,OAX,0.06557243351,"239,680.2",15984.537542378308
oaxaca de juarez,2012Q2,2012-06-30,159.0,3869131.48327401,42990.34981415567,38.05453754628889,42991.77556419214,270.3795585795951,128.8686526419173,762.6025036882094,61.96925130894944,197.24214116464606,244.86954440867663,310.4191352727014,OAX,0.06557243351,"246,985.2",16217.769535350662
oaxaca de juarez,2012Q3,2012-09-30,159.0,3940869.6959640505,42835.54017352229,53.023466207719764,42838.134125830235,269.4059130410205,129.39775982666532,761.3553928011121,61.48899856203725,195.350220863117,242.58483010950758,309.0246123742922,OAX,0.06557243351,"254,789.0",16376.090807232491
oaxaca de juarez,2012Q4,2012-12-31,159.0,3920934.725943278,42618.855716774764,74.0807687791806,42622.799882246094,268.04311771556434,129.477753964976,758.1225472608841,60.77998089545448,193.14989425769,240.06159944869768,307.3057796971687,OAX,0.06557243351,"259,484.5",16463.61229311134
oaxaca de juarez,2013Q1,2013-03-31,159.0,3795092.1386574325,42167.69042952703,207.13315988462176,42180.303313004915,265.2056001857044,127.93476098772126,752.9697390301154,58.55716471845686,189.67300772186394,236.6710260101495,304.3639009733892,OAX,0.06557243351,"245,516.0",16483.367404451357
oaxaca de juarez,2013Q2,2013-06-30,159.0,3764322.1298294165,41366.17725087271,247.44691094454691,41366.696595193185,260.16463679794145,123.35882803175504,733.4544432979061,56.359632764629076,184.93496521056332,232.87798378789768,299.89537298439103,OAX,0.06557243351,"247,289.1",16470.24719300929
oaxaca de juarez,2013Q3,2013-09-30,159.0,3722560.471597348,40462.6138217103,286.1870172388962,40471.02494846972,254.48184793528495,117.76072834646997,709.2196687276878,54.38235908910752,180.60578630851754,229.4883016367106,295.0827745354376,OAX,0.06557243351,"251,166.6",16485.73807161791
oaxaca de juarez,2013Q4,2013-12-31,159.0,3592669.5221090303,39479.88485834099,266.3242459955346,39469.21750146688,248.3011626310755,112.46380271542958,686.0570691941602,52.3784257617485,176.3093157358765,225.69357309188095,289.59709251561645,OAX,0.06557243351,"259,318.5",16548.678121049474
oaxaca de juarez,2014Q1,2014-03-31,159.0,3483616.7634636806,38706.85292737423,184.33742065905352,38697.612803602184,243.43932658725942,107.95053207867576,664.8983172632683,51.00545277372189,173.26521176292937,222.6878140518847,285.361987720072,OAX,0.06557243351,"250,239.1",16634.536042372692
oaxaca de juarez,2014Q2,2014-06-30,159.0,3470135.8696982195,38133.36120547494,162.42914665201903,38139.56429961505,239.83246041179203,104.43240602050612,646.3973419400836,49.95932215225198,171.5114336486942,220.10775752079144,282.4540048057771,OAX,0.06557243351,"249,522.3",16732.984816480202
oaxaca de juarez,2014Q3,2014-09-30,159.0,3447581.0693232524,37473.707275252746,213.1415502171926,37472.475196180545,235.68369355504856,101.36241855007086,629.4009462750498,48.6054112206273,169.43703258849385,216.33946995126118,278.61691847393706,OAX,0.06557243351,"257,965.4",16835.150020004978
oaxaca de juarez,2014Q4,2014-12-31,159.0,3391001.3601447437,36858.71043635591,130.5308811351349,36841.70524435006,231.8157889078986,98.1676383784136,605.1303332499948,47.986774083290804,167.68585968677115,212.75400159438573,274.87003006974163,OAX,0.06557243351,"265,374.6",16926.813772936603
oaxaca de juarez,2015Q1,2015-03-31,159.0,3285284.143557267,36503.157150636296,102.05930874361076,36512.11798919511,229.5796047209827,95.93091045535289,583.2656623430343,47.98661111821666,167.00299049446923,210.65113410033962,273.0157174638946,OAX,0.06557243351,"260,612.9",16992.047393490284
oaxaca de juarez,2015Q2,2015-06-30,159.0,3281647.592563816,36062.06145674523,135.0856500511928,36051.04606587572,226.80541796695073,93.77894505865854,565.5047217240091,48.327880206808295,165.6068904142194,208.08328142539293,270.52759708588195,OAX,0.06557243351,"250,198.3",17004.926051969476
oaxaca de juarez,2015Q3,2015-09-30,159.0,3294673.6117484495,35811.66969291793,18.465930529551596,35806.915918891405,225.23062699948352,92.0903019571051,545.2069622821728,48.63291712673882,164.5032778107993,206.4349182079067,269.5356077823248,OAX,0.06557243351,"262,600.4",16930.561974195964
oaxaca de juarez,2015Q4,2015-12-31,159.0,3307626.6724168872,35952.46383061834,64.79936855723898,35951.76896421955,226.11612472086975,92.03032923927913,535.3050339391912,49.080472459783316,164.4940727674756,206.7408052507154,271.6507988200524,OAX,0.06557243351,"265,283.7",16767.29226427063
oaxaca de juarez,2016Q1,2016-03-31,159.0,3290802.4617376295,36162.664414699226,52.25079086268816,36165.17325447009,227.43814097295092,92.92930632484293,539.0647415536578,49.75619853548124,164.76365451232974,207.58786085691926,274.42485368071726,OAX,0.06557243351,"256,580.3",16519.189481179357
oaxaca de juarez,2016Q2,2016-06-30,159.0,3310669.722080624,36380.98595692994,82.65642480491316,36374.67799965376,228.81123243352152,93.61445227628693,542.3601653336982,49.9134652870833,165.63071563609876,209.02498578038353,277.13488916110555,OAX,0.06557243351,"234,029.0",16275.375434357291
oaxaca de juarez,2016Q3,2016-09-30,159.0,3373127.2193977195,36664.4262978013,63.83691199256079,36678.18141213921,230.59387608680058,94.62426343247894,546.2420940846725,50.10301609316886,167.32574357773453,211.24391099516248,280.15630983460017,OAX,0.06557243351,"239,431.8",16079.337597659
oaxaca de juarez,2016Q4,2016-12-31,159.0,3377547.369650208,36712.47140924139,27.195108756748812,36719.164740380606,230.89604659900237,94.9567495441962,546.5028091989082,50.52610570864846,168.31581660500908,212.38920903729536,281.37357495757385,OAX,0.06557243351,"246,272.5",15993.884147618752
oaxaca de juarez,2017Q1,2017-03-31,159.0,3296851.2210887494,36631.680234319436,9.506420865491721,36629.03664184174,230.38792600200884,94.46571144704994,546.0456606367078,50.4400882178555,168.5449891847247,212.41794064386534,281.4635778163049,OAX,0.06557243351,"250,518.6",16077.22738135021
oaxaca de juarez,2017Q2,2017-06-30,159.0,3341451.936825044,36719.252053022465,48.600839191419155,36714.58048665676,230.93869215737377,95.2173521453624,563.2604366068288,50.45736971843572,168.64324201027708,212.23275365524643,282.6239594680095,OAX,0.06557243351,"247,011.1",16226.748272373974
oaxaca de juarez,2017Q3,2017-09-30,159.0,3404599.5406677043,37006.51674638809,135.94076914703882,36985.9943448019,232.74538834206322,98.54694676736698,605.2127749765067,50.70796017402613,168.0654646326871,211.90343590076222,284.82337077060384,OAX,0.06557243351,"253,764.9",16382.88699017918
oaxaca de juarez,2017Q4,2017-12-31,159.0,3469634.818710426,37713.42194250463,268.64639056657177,37699.73897560043,237.19133297172698,104.95778565758631,661.1857855823071,50.99721524001881,167.94069587299643,212.89341157500326,289.50822871161466,OAX,0.06557243351,"259,470.5",16498.106985571758
oaxaca de juarez,2018Q1,2018-03-31,159.0,3481697.518250169,38685.52798055744,273.993969759874,38694.74790172382,243.30520742488943,113.10228353004803,718.5643788678963,51.71340221199819,168.2233989429257,214.77788469963068,295.3866519601437,OAX,0.06557243351,"260,740.4",16452.69348021553
oaxaca de juarez,2018Q2,2018-06-30,159.0,3593455.189568237,39488.518566683924,188.37738889726708,39501.671168090485,248.35546268354665,121.92145152954593,776.0023894362837,52.79934010880649,167.003514305809,215.38444695480243,299.0818872519914,OAX,0.06557243351,"235,030.3",16299.005029663036
oaxaca de juarez,2018Q3,2018-09-30,159.0,3684162.1823213254,40045.24111218832,148.16818271441153,40045.203276162836,251.85686234080703,130.42350546842,821.3840666522884,53.59285024047009,164.87475650711755,214.94073862476304,300.49269774581506,OAX,0.06557243351,"243,292.1",16130.084121804623
oaxaca de juarez,2018Q4,2018-12-31,159.0,3731697.5601816988,40561.930001974986,150.71072288011382,40564.20675614108,255.10647799984275,136.64645506875718,847.4197321284738,54.4996052995748,164.63624113066274,215.83366072844285,301.5878879227215,OAX,0.06557243351,"249,759.6",15912.356112497697
oaxaca de juarez,2019Q1,2019-03-31,159.0,3693305.8561860994,41036.7317354011,132.7040821718322,41031.20105563526,258.0926524239064,139.91811410607474,860.7038445569491,56.060445991931275,166.5362414339045,218.72586517478518,302.9244836491307,OAX,0.06557243351,"252,892.5",15676.865240763978
oaxaca de juarez,2019Q2,2019-06-30,159.0,3795928.8835512446,41713.50421484884,293.4360745877187,41676.34914650214,262.349083112257,140.64552291393235,863.60334537165,57.631445849736906,171.78616917622404,225.66383326326627,306.6304871497808,OAX,0.06557243351,"221,796.4",15457.615573655858
oaxaca de juarez,2019Q3,2019-09-30,159.0,3966484.772138641,43113.964914550445,505.62507950095625,43092.5186446814,271.15701204119796,138.80806432162558,862.7118913178558,59.53931248758511,183.36044515612681,239.62885657143505,315.8583235540905,OAX,0.06557243351,"227,097.5",15263.89529807476
oaxaca de juarez,2019Q4,2019-12-31,159.0,4092371.830588217,44971.11901745293,540.1733145642385,44981.9056514617,282.83722652486136,135.6625190252319,852.1372563641804,62.42817502944705,197.99565002894636,256.8940268979694,328.72224227379513,OAX,0.06557243351,"226,981.8",15167.903038852992
oaxaca de juarez,2020Q1,2020-03-31,159.0,4253056.389052933,46736.88339618608,497.0194222010338,46734.696657993045,293.94266286909493,132.7960260456653,838.9766897250402,65.28155007282311,211.65605582497912,273.1461363162283,341.6508025303349,OAX,0.06557243351,"237,528.1",15206.135993788905
oaxaca de juarez,2020Q2,2020-06-30,159.0,4414674.431792235,48512.905843870714,533.423981393666,48510.691309478985,305.11261537025615,130.46465707547813,825.6979260474697,67.78676022612117,225.16439194317857,288.2666796404292,355.0289151170205,OAX,0.06557243351,"190,706.2",15274.00565454449
oaxaca de juarez,2020Q3,2020-09-30,159.0,4622542.173594641,50245.0236260287,433.8110236067162,50286.011061121026,316.00643789955166,129.16380025635783,809.9754601105254,70.75203489568631,236.89699351650276,300.77188191781005,368.92146007811886,OAX,0.06557243351,"228,993.1",15428.983291791015
oaxaca de juarez,2020Q4,2020-12-31,159.0,4712428.044905078,51222.04396635954,148.19639841150615,51253.11211663124,322.15121991421086,128.60609662402845,796.0678896834562,73.16610961616958,242.57303769055096,306.9282409624046,378.59911833016207,OAX,0.06557243351,"245,458.5",15655.120361391688
oaxaca de juarez,2021Q1,2021-03-31,159.0,4628736.984557779,51430.41093953087,23.553824062718625,51438.28564295269,323.4617040222066,128.3748229601768,782.9767473551252,74.02103476285787,242.83983237133216,306.9385718130693,382.5775965218262,OAX,0.06557243351,"249,591.0",15860.600506150073
oaxaca de juarez,2021Q2,2021-06-30,159.0,4648126.636071718,51078.31468210679,201.59603200299026,51109.47019244259,321.24726215161473,128.75676836574868,774.7116033831999,74.12726876498873,238.70739322878777,301.60827903673163,382.45542326938175,OAX,0.06557243351,"239,537.4",15998.614778264535
oaxaca de juarez,2021Q3,2021-09-30,159.0,4556940.885019432,50076.273461752,360.0433706483265,50082.512640938556,314.94511611164745,129.18805454836757,773.7019600360361,73.51299865189128,230.59950704546742,292.30183867233796,377.9386859858396,OAX,0.06557243351,"242,335.7",16114.07307177512
oaxaca de juarez,2021Q4,2021-12-31,159.0,4499457.327394667,48907.144862985515,294.68783260564635,48886.229814746504,307.5921060565123,128.888894332999,771.9220172936325,73.37204777673959,222.43662597520964,283.106297871343,371.4691531777092,OAX,0.06557243351,"246,140.7",16231.203830285453
oaxaca de juarez,2022Q1,2022-03-31,159.0,4338039.346202752,48200.437180030574,113.84646344258826,48174.25273499564,303.147403647991,127.68876246851717,763.2801761460229,73.52468752111487,217.74504176115047,277.76692171268957,367.78560060000893,OAX,0.06557243351,"255,784.1",16332.830530680403
oaxaca de juarez,2022Q2,2022-06-30,159.0,4325679.473190094,48063.10525766772,25.410495678152273,48051.91015690641,302.2836808658346,126.96077074292502,752.0869131075509,74.6098364751725,216.37170463223066,276.82877683064794,368.0836803785603,OAX,0.06557243351,"245,286.5",16453.08606464366
oaxaca de juarez,2022Q3,2022-09-30,159.0,3718819.026386765,48296.35099203591,110.28129308196735,48284.032844070614,303.750635170037,126.9321807175492,743.822506284823,75.76662270124284,216.60641398898971,278.2471415378643,370.421898388232,OAX,0.06557243351,"249,732.7",16605.717906828093
oaxaca de juarez,2022Q4,2022-12-31,159.0,4495007.045054608,48858.77222885443,207.79153559172576,48857.92384554955,307.2878756531724,127.57153521525125,739.0793761942533,76.7389229335501,218.41831576484626,281.30175009096826,374.51169628283196,OAX,0.06557243351,"257,964.0",16738.81191146922
oaxaca de juarez,2023Q1,2023-03-31,159.0,4450429.055981258,49449.211733125085,121.51137854356563,49463.796124072374,311.0013316548748,128.8793453842087,743.8083594681166,77.99898667617964,220.90552828982638,284.59690011913045,378.52668063118676,OAX,0.06557243351,"265,353.4",16889.198605181373
oaxaca de juarez,2023Q2,2023-06-30,159.0,4532042.387188247,49802.66359547525,107.68509700634874,49793.56481072827,313.2242993426116,129.49410738771604,744.1274633243511,78.87694607419478,223.0192822155747,287.6176300117707,380.85773212261137,OAX,0.06557243351,"250,268.3",17048.764747510006
oaxaca de juarez,2023Q3,2023-09-30,159.0,4523177.347905695,50257.52608784106,146.55431181877861,50257.94054620363,316.0850697348495,129.39252767739146,743.1273345141312,79.8765760134991,225.90384054945955,291.94932375656884,384.0657694605177,OAX,0.06557243351,"259,250.8",17208.71213653079
oaxaca de juarez,2023Q4,2023-12-31,159.0,4618826.070768751,50756.33044800825,149.36005214367304,50750.426257882995,319.2222040755238,129.19554202637886,740.3526718779909,81.40324891541844,228.89842507506967,296.70792818321564,388.16496837780596,OAX,0.06557243351,"269,268.2",17372.255895807397
